rom_path,seconds,speed
entries/2048gb/2048.gb,1.057,56.76
entries/2brownboyz_restaurant-rumble-demo/files/ResturantRumble_jam.gb,0.931,64.45
entries/5-mazes-master-levels/5 mazes Master levels.gb,1.221,49.14
entries/8-bitty-games-collection/8-bitty-games-collection.gb,1.157,51.86
entries/akino-hitoshi-demo/Akino Hitoshi Demo (PD) [C].gbc,0.991,60.54
entries/alt-too/alttoo.gb,1.320,45.45
entries/ankoku-housou-gb/ankoku-housou.gb,1.200,50.0
entries/ant-hill/AntHill.gb,1.274,47.1
entries/ant-soldiers/ant-soldiers.gb,1.189,50.46
entries/apocalypse/Apocalypse.gb,1.143,52.49
entries/atchafalaya-arcade/atchafalaya.gb,1.349,44.48
entries/beberg/beberg.gbc,0.911,65.86
entries/biotic-limit/bioticlimit-1.gb,1.042,57.58
entries/bubble-factory/bubble-factory.gb,0.900,66.67
entries/burly-bear-vs-the-mean-foxes/burly.gbc,1.451,41.35
entries/car-demo/L2.GB,1.131,53.05
entries/card-shuffle/CardShuffle.gb,1.196,50.17
entries/cartoon-strength__kelp-dragon/Kelp-dragon_jam.gb,1.124,53.38
entries/christmas-light-simulator/star.gbc,1.228,48.86
entries/chunky-world/GBDEV.GBC,1.474,40.71
entries/commando/Commando (PD).gb,1.141,52.59
entries/cosmic-attack/CosmicAttack.gbc,1.324,45.32
entries/demiforce-demo/Demiforce Demo (PD) [C].gbc,1.012,59.29
entries/demon-blood/yup-demonblood.gb,1.119,53.62
entries/detectiveknox/detective_knox_in_-_the_doppelgänger_-_Demo.gb,0.961,62.43
entries/dij_d-u-b/files/d-u-b_jam.gb,0.966,62.11
entries/dog-demo/Dog_Demo.gb,1.172,51.19
entries/downhill-ski/DownhillSki.gb,1.301,46.12
entries/dungeon-escape/Dungeon_Escape.gb,1.313,45.7
entries/elemental-fighter/elemental-fighter-5-17.gb,1.508,39.79
entries/ett-quiz/Quizz (PD) [C].gbc,1.180,50.85
entries/faderfox-jr/faderfox-jr.gb,1.247,48.12
entries/fatass/fatass.gb,1.194,50.25
entries/fire/FIRE.GB,1.441,41.64
entries/flaresquip/Flaresquip.gb,0.745,80.54
entries/flies/flies22.gb,1.446,41.49
entries/floracy-demo/floracy.gbc,1.480,40.54
entries/fnd/FriendshipNeverDiesGameBoy.gb,1.176,51.02
entries/font-demo-waugh/Font Demo (Jonathan Waugh) (PD) [C].gbc,1.439,41.7
entries/friendly/unfriendly_forest_final_v4.gb,1.569,38.24
entries/g-zero/G-ZERO_V2_6_0.gb,1.082,55.45
entries/garpsters-archaic-rooms-of-paranoia/GARP.GBC,1.290,46.51
entries/gb-303/gb-303.gb,1.425,42.11
entries/gb-quiz-for-kids/Quiz.gb,1.101,54.5
entries/gb-wordyl/GBWORDYL_0.85_en.gb,0.839,71.51
entries/gbcgps/gb-gps.gb,1.200,50.0
entries/gbdev14-snake/snake.gb,0.790,75.95
entries/geometrix/geometrix.gbc,1.151,52.13
entries/good-luck-mrbatto/GLMrBatto-v0-3.gb,1.001,59.94
entries/guess-the-number-3/Guess The Number 3 (PD) [C].gbc,1.197,50.13
entries/hello-tepples/hello.gb,0.749,80.11
entries/hello-world/S_TN - Hello world.gb,1.027,58.42
entries/highnoon/HighNoon (PD) [C].gbc,1.114,53.86
entries/ichi-ni-san/ichi-ni-san.gb,1.000,60.0
entries/impossipong/pong.gb,0.896,66.96
entries/interblocked/INTERBLOCKED.gb,0.823,72.9
entries/intro-collection/introcollection.gbc,0.424,141.51
entries/is-that-a-demo-in-your-pocket/pocket.gb,1.312,45.73
entries/island-story/ISLANDSTORY.gb,1.105,54.3
entries/jackoatley_gekokujo/files/gekokujo_jam.gb,1.376,43.6
entries/jetset-willy/jetset-willy.gb,0.896,66.96
entries/joaobapt__dungeon-master/dungeon-master_jam.gb,0.833,72.03
entries/joserichi__arrow-rain/ArrowRain_jam.gb,0.788,76.14
entries/kasumi-scroller/Kasumi_Scroller.gb,1.309,45.84
entries/kenny-and-the-evil-blob/KennyAndTheEvilBlob.gbc,1.300,46.15
entries/kupman/kupman.gb,1.138,52.72
entries/lab3d/Lab3D.gbc,1.141,52.59
entries/last-crown/lastcrowndemo.gb,1.336,44.91
entries/lazydevs_dragonslayer/files/dragonslayer.gb,1.195,50.21
entries/les-wet_save-maurice-dig/files/SAVEMAURICE_jam.gb,0.864,69.44
entries/lightforce-intro-1/lfc1.gbc,0.388,154.64
entries/lillie-chippie__dddddeemon/dddddeemon_jam.gb,1.299,46.19
entries/lsdj/lsdj.gb,1.351,44.41
entries/madpews-battlegrounds/battlegrounds.gb,0.808,74.26
entries/mario-walk/walk.gb,1.063,56.44
entries/maze-runner-atari-style/Maze Runner - Atari-Style Version (Quang2000) (PD) [C].gbc,1.078,55.66
entries/megamania/SHIP.GB,1.319,45.49
entries/menu-3-resistance/rse-t_03.gbc,1.300,46.15
entries/menu-4-resistance/rse-t_04.gbc,1.277,46.99
entries/micro-friendly/game.gb,1.102,54.45
entries/mindbleach__slayer-the-hawk/Slayer_the_Hawk_final_compo_jam.gb,1.590,37.74
entries/mousetrap/mousetrap.gbc,1.164,51.55
entries/mrpapshmir_abyss-gbcompo2025/files/Abyss_jam.gb,1.234,48.62
entries/muddy-gb/muddy-gb.gb,1.627,36.88
entries/murdera/mc-mrder.gb,1.484,40.43
entries/music-tech-v1-free-version/music-tech-v1-free-version.gb,1.380,43.48
entries/mygame/Mygame.gb,1.142,52.54
entries/nam-attack/Nam Attack (PD) [C].gbc,1.245,48.19
entries/nanoloop/nanoloop.gb,1.528,39.27
entries/nanovoice/nanovoice.gb,1.484,40.43
entries/nikku4211__7heaven/7HEAVEN_jam.gb,1.328,45.18
entries/ningami/Ningami.gb,0.684,87.72
entries/numeris-oct/game.gb,1.193,50.29
entries/packri-monster/Packri_Monster.gb,0.831,72.2
entries/paddle-mission/PaddleMission.gb,1.160,51.72
entries/phreakboy/gb-phreak.gb,1.345,44.61
entries/ping-pong-diplomacy-version-10/PingPongDiplomacy-gb-rom-v-1.0.gb,1.023,58.65
entries/plasma-storm/PlasmaStorm.gbc,0.788,76.14
entries/polka-sheep/polkasheep.gb,1.515,39.6
entries/pre-teen-wasteland/Pre-Teen_Wasteland_v1.gb,0.992,60.48
entries/puzz/Puzz.gb,1.157,51.86
entries/puzzle/Puzzle.gb,1.271,47.21
entries/raster-scroll-sample/raster.gb,1.363,44.02
entries/red-dreams/red.gb,0.400,150.0
entries/redoctorok_princess-and-wizard-town-of-labu/files/Princess and Wizard_jam.gb,1.292,46.44
entries/renaissance-filler/renaissance-filler.gb,1.350,44.44
entries/roboto-demo/skrollidemo.gb,1.126,53.29
entries/rocket-man/rocketmandemo.gb,0.967,62.05
entries/ropeandbombs/ropeandbombs.gb,0.997,60.18
entries/sand/sand.gb,1.279,46.91
entries/sheep-kaboom/sheep-kaboom.gb,1.233,48.66
entries/ship/SHIP.GB,1.360,44.12
entries/shmup/SHMUP.GB,0.897,66.89
entries/shoot-the-x/spr4col.gb,1.129,53.14
entries/skoardy/skoardy.gb,0.955,62.83
entries/sludgeon-2/sludgeon-2.gb,1.354,44.31
entries/smooth-colour-fading-demo/Smooth Colour Fading Demo (PD) [C].gbc,0.937,64.03
entries/snek-gbc/pong.gb,0.820,73.17
entries/somos-amigos/game.gb,1.156,51.9
entries/soul-void/game.gb,0.848,70.75
entries/space-invaders-programming-demo/SI.GB,1.111,54.01
entries/square-fall/square_fall_v01.gb,1.250,48.0
entries/star-heritage-final/starheritagebattery.gbc,1.339,44.81
entries/starfield/starfield.gb,1.500,40.0
entries/stoic-software-tribute-usa/Stoic Software's Tribute to the United States (PD) [C].gbc,0.897,66.89
entries/super-ninja/super_ninja.gbc,1.270,47.24
entries/superconnard/sc_prod.gb,1.169,51.33
entries/sushi/sushi.gb,0.947,63.36
entries/sworld-2/SWorld2.gbc,0.911,65.86
entries/tardigrade-nx_game-of-life-kuzushi/files/Game of Life Kuzushi (v1.0).gb,1.028,58.37
entries/tendonin/tendonin.gb,1.364,43.99
entries/the-faerie-princess-version-110/the-faerie-princess.gb,0.695,86.33
entries/the-fetch-quest/game.gb,1.338,44.84
entries/the-princess-and-the-pauper/princess.GBC,1.124,53.38
entries/thedarktiger_crate-pusher/files/CRATEPUSHER_jam.gb,0.827,72.55
entries/they-are-everywhere-version-010/tae-multibank.gb,1.363,44.02
entries/thin-ice-rescue/thin-ice-rescue.gb,0.926,64.79
entries/tic-tac-earth/TicTacEarth2805JamVersion.gb,1.002,59.88
entries/tic-tac-toe_1/GBTICTAC.GB,1.351,44.41
entries/turbo-rc-racing/turbo-rc-racing.gb,1.241,48.35
entries/tutty-demo-version/tutty.gbc,1.121,53.52
entries/urbanzero_bunkerboy/files/BunkerBoy_jam.gb,1.389,43.2
entries/velcroid-maikel-ortegas/velcroid-bitbitjam4version.gb,1.054,56.93
entries/wall-defence/walldefence.gbc,1.286,46.66
entries/what-friends-are-for/What_Friends_Are_For_V1.0.gb,1.113,53.91
entries/work-master-os/workmaster.gb,1.403,42.77
entries/yochi-miel-the-crenalator-trials/YOCHIMIELWEB.gb,1.364,43.99
entries/you-are-my-new-friend/You_are_my_New_friend.gb,1.114,53.86
entries/zenzoa_piropa/files/piropa-2.1.gb,1.305,45.98
entries/zilogized/Kabcorp - Zilogized.gb,0.972,61.73
