rom_path,22c3fcc,9e9b8be,2f864c7
entries/144p-test-suite/gb240p.gb,running,running,running
entries/1d-marathon/1D_Marathon.gb,running,running,running
entries/2048gb/2048.gb,running,running,running
entries/20y/20y.gb,running,running,running
entries/2560-colors-demo/COLORS.GBC,blank,blank,blank
entries/2brownboyz_restaurant-rumble-demo/files/ResturantRumble_jam.gb,running,running,running
entries/2friendly/2friendly.gb,running,running,running
entries/3d-demo/3D_Demo.gb,running,running,running
entries/5-mazes/5 mazes.gb,running,running,running
entries/5-mazes-master-levels/5 mazes Master levels.gb,running,running,running
entries/5-more-mazes/5 more mazes.gb,running,running,running
entries/64boy-opcode-scroll/64boy-opcode-scroll.gb,running,running,running
entries/8-bitty-games-collection/8-bitty-games-collection.gb,running,running,running
entries/a-bride/game.gb,running,running,running
entries/a-p-a/APA.GB,running,running,running
entries/acattag/acattag_GBJAM9.gb,running,running,running
entries/adjustris/adjustris.gb,running,running,running
entries/adulting/Adulting_Soundtrack.gb,running,running,running
entries/airaki/airaki.gb,running,running,running
entries/aironium_gb-biringan/files/LBS0.3.5.gb,running,running,running
entries/airplanz/AIRPLANZ.gb,running,running,running
entries/akaru-hime-the-red-princess/akaru-hime-the-red-princess.gb,running,running,running
entries/akino-hitoshi-demo/Akino Hitoshi Demo (PD) [C].gbc,static,static,static
entries/alien-invasion/Alien-Invasion.gb,running,running,running
entries/alien-planet/aplanet.gb,running,running,running
entries/alt-party-09/jml-a09.gb,running,running,running
entries/alt-too/alttoo.gb,running,running,running
entries/amenizer/amenizer.gb,running,running,running
entries/amingos-wild-journey/AmingosWildJourney.gbc,running,running,running
entries/ankoku-housou-gb/ankoku-housou.gb,running,running,running
entries/ant-hill/AntHill.gb,running,running,running
entries/ant-soldiers/ant-soldiers.gb,running,running,running
entries/antiisda-warrior-v1-0/AntiISDAWarrior.gb,running,running,running
entries/apa-demo/APA Demo (PD) [C].gbc,running,running,running
entries/ape/APE_v1_02.gb,running,running,running
entries/apocalypse/Apocalypse.gb,running,running,running
entries/apocalypse-now/APOCNOW.GB,running,running,running
entries/apple-demo/Apple Demo (PD).gb,running,running,running
entries/aqueous/Aqueous.gbc,crashed,blank,blank
entries/aris-delivery-palooza/Ari_s_delivery_Palooza.gb,running,running,running
entries/armageddon/Armageddon.gb,running,running,running
entries/arvex_x-frame/files/xframe-128KB-2025-08-31a_jam.gb,running,running,running
entries/ascii-wars-v1-0/AsciiWars.gb,running,running,running
entries/asteroids-treasure-hunt/AsteroidsTreasureHunt.gbc,running,running,running
entries/atchafalaya-arcade/atchafalaya.gb,running,running,running
entries/atop-the-witchs-tower-gb/atwt_v1.1.gb,running,running,running
entries/avivbeeri_scoundrel-gb/files/SCOUNDREL_jam.gb,running,running,running
entries/back-to-earth/bte.gb,blank,blank,blank
entries/back-to-space/backtospace.gb,running,running,running
entries/bad-apple/BADAPPLE.GBC,running,blank,blank
entries/badliz-the-great-strategy-roblox-theme-2006/The_Great_Strategy_(2005).gb,blank,static,static
entries/ball/BALL.GBC,running,blank,blank
entries/balloon-man-v1-0/BalloonMan.gb,running,running,running
entries/bbb-studio_sokopenguin-gb/files/Soko Penguin GB_jam.gb,running,running,running
entries/beamycat_void-stranger-gb/files/void_stranger_jam.gb,running,running,running
entries/beauty-girls-1/BG-Vol01.gbc,running,blank,blank
entries/beauty-girls-volume-1/beauty-girls-volume-1.gbc,running,blank,blank
entries/beberg/beberg.gbc,running,running,blank
entries/bee-jump/bee jump music.gb,running,running,running
entries/beep-boop-boom-box/beep-boop-boom-box.gb,running,running,running
entries/beigeray/beigeray.gb,running,running,running
entries/big-scroller/Bc.gb,running,running,running
entries/big2small/big2small.gb,running,running,running
entries/bin-day/BinDay.gb,running,running,running
entries/biotic-limit/bioticlimit-1.gb,running,running,running
entries/bit_bang/bit_bang.gb,running,running,running
entries/black-castle/black-castle.gb,running,running,running
entries/blackrookgames_george-demoscene/files/george_jam.gb,running,running,running
entries/blackybird/BlackyBirdCol.gb,running,running,running
entries/blarble/blarble.gb,running,running,running
entries/blastah/blastah.gb,running,running,running
entries/bleep/bleep.gb,running,running,running
entries/blem/BLEM! (PD).gb,running,running,running
entries/blossom/tu_b_shvat.gb,running,running,running
entries/bomber/Bomber.gbc,running,running,running
entries/bomberman-tm/Bom.gb,running,running,running
entries/bone-finder/bone_finder.gb,running,running,running
entries/books-of-the-bible-v1-4/BotBfGB_14.gb,running,running,running
entries/bork-paw-kisses/game.gb,running,running,running
entries/botb-invitro/botb-invitro.gb,running,running,running
entries/bounce/Bounce.gb,running,running,running
entries/bounce-v1-1/Bounce.gb,running,running,running
entries/bounty-land/Bounty_Land1.4.gb,running,running,running
entries/bownly_ningami-2/files/Ningami2_jam.gb,running,running,running
entries/boxes/Boxes.gb,running,running,running
entries/boxing/BOXING.GB,running,running,running
entries/brainfox/brainfox.gb,running,running,running
entries/brekstascat/brekstascat_1_3.gb,running,running,running
entries/bubble-factory/bubble-factory.gb,running,running,running
entries/bubbles/tlu-bubbles.gbc,running,running,running
entries/buddy-book-battle/Buddy_Book_Battle.gb,running,running,running
entries/bugbites/Bug_Bites!.gb,running,running,running
entries/bump/bump.gbc,running,blank,blank
entries/bung-sprite-demo/sprite.gb,running,running,running
entries/bung-trivia/TRIVIA.GB,running,running,running
entries/burly/burly.gb,running,running,running
entries/burly-bear-vs-the-mean-foxes/burly.gbc,running,running,running
entries/bustfree/bustfree.gb,running,running,running
entries/cache-cache/cachecahe.gb,running,running,running
entries/calculator/calc.gb,running,running,running
entries/canight__slime-trials/SlimeTrials.gb,running,running,running
entries/car/Car.gb,running,running,running
entries/car-demo/L2.GB,running,running,running
entries/carazu/carazu.gb,running,running,running
entries/card-shuffle/CardShuffle.gb,running,running,running
entries/caretaker/Caretaker_(v.1.0.2).gb,running,running,running
entries/carillon-demos/fruitless.gb,running,running,running
entries/carillon-editor/carillon.gb,running,running,running
entries/carillon-wf/carillon-wf.gb,running,running,running
entries/cars/Cars.gbc,running,running,running
entries/cartoon-strength__kelp-dragon/Kelp-dragon_jam.gb,running,running,running
entries/castle-of-sword-n-shield/main.gb,running,running,running
entries/cavern-mvm-9/Cavern_MVM9.gb,running,running,running
entries/channel-49-first-strike/Channel49-firststrike.gb,running,running,running
entries/chaos89/Chaos89 by Charles Doty (PD) [C].gbc,running,running,running
entries/chavezfunktion__monkeys-on-mars/chavez_monkeys_on_mars_gbcompo_jam.GB,static,static,static
entries/checkercube/CheckerCube.gb,running,running,running
entries/child-s-play/childsplay.gbc,crashed,crashed,running
entries/chord/chord.gb,running,running,running
entries/christmas-2004-musicdisk/jml-joul.gb,static,static,static
entries/christmas-light-simulator/star.gbc,static,static,static
entries/chuckie-egg-dx-version-033/chuckie.gbc,running,running,running
entries/chunk-out/chunkout.gbc,running,running,running
entries/chunky-world/GBDEV.GBC,running,running,running
entries/clay-pidgeon-shooting/Clay Pidgeon Shooting by Jim Bagley (PD) [C].gbc,static,static,static
entries/clickomania-alpha/clk.gb,running,running,running
entries/clockclicker/clockclicker.gb,running,running,running
entries/cloudscomputing__sgb-sou-trn-demo/sgb_mus.gb,running,running,running
entries/clown/CLOWN1.GB,running,running,running
entries/color-bar/colorbar.gb,static,static,static
entries/color-collapse/ColorCollapse.gb,running,running,running
entries/color-tuner-v1-0/Color Tuner V1.0 (PD) [C].gbc,static,static,static
entries/commando/Commando (PD).gb,running,running,running
entries/commando-death/CommandoDeath.gb,running,running,running
entries/concert-grove/concertgrove1.gb,running,running,running
entries/cookies-bakery/bakery_v1.0.3.gb,running,running,running
entries/corrib75/corrib75.gb,running,running,running
entries/cosmic-attack/CosmicAttack.gbc,running,running,running
entries/cosmic-cones/cosmic-cones.gb,running,running,running
entries/cosmica/cosmica.gb,running,running,running
entries/coucou/coucou.gb,running,running,running
entries/counting-sheep/counting-sheep.gb,running,running,running
entries/cracktro/tcintro3.gb,running,blank,blank
entries/crash/CRASH.GB,running,running,running
entries/cricket/CRICKET.GB,running,running,running
entries/crossconnect/CrossConnect.gbc,running,running,running
entries/crystal-lake/CrystalLake.gb,running,running,running
entries/ctc/game.gb,running,running,running
entries/cuckoo-in-time/game.gb,running,running,running
entries/cybersquash/cybersquash.gb,running,running,running
entries/damn-plug-it/DPI.gb,running,running,running
entries/dan-laser/dan-laser.gb,running,running,running
entries/dancar__mind-controller/enthraller.gb,running,running,running
entries/dancar_puzzleboy-logic-quest/files/puzzleboy_jam.gb,running,running,running
entries/dangan/dangan.gb,running,running,running
entries/dashy-no-witch/DashyHalloween2019.gb,running,running,running
entries/daveduck321_block-game/files/block_game_but_c++_jam.gb,running,running,running
entries/dawn/Dawn.gb,running,running,running
entries/dbung/dbung.gb,running,running,running
entries/dcs-gbc-intro-2/dcs-gbc-intro-2.gbc,running,running,running
entries/dd-character-sheet-demade/game.gb,running,running,running
entries/deadeus/deadeus.gb,running,running,running
entries/death-planet/deathplanet.gb,running,running,running
entries/death-ray-free-version/death-ray-free-version.gb,running,running,running
entries/deep-dungeon/Deep_Dungeon_v1.3.gb,running,running,running
entries/deep-scan/dscan.gb,running,running,running
entries/demekala__toko/TOKO_jam.gb,running,running,running
entries/demiforce-demo/Demiforce Demo (PD) [C].gbc,static,static,static
entries/demo-collection/vectdemo.gb,running,running,running
entries/demo-pack/TOONS.GB,running,running,running
entries/demo3d/demo3d.gb,running,running,running
entries/demolissagegames_the-sweeping-wizard/files/TheSweepingWizard_jam.gb,running,running,running
entries/demon-blood/yup-demonblood.gb,running,running,running
entries/deseo/deseo_español.gb,running,running,running
entries/detectiveknox/detective_knox_in_-_the_doppelgänger_-_Demo.gb,running,running,running
entries/diamaze/diamaze.gb,running,running,running
entries/digico-move/Digico Move (PD) [C].gbc,running,running,running
entries/dij_d-u-b/files/d-u-b_jam.gb,running,running,running
entries/dimension-of-miracles/dimens.GB,running,running,running
entries/dimensionless-sample/Dimensionless Sample (PD) [C].gbc,running,running,running
entries/dirty-pair-flash-picture/Dirty_Pair_Flash_Picture.gb,running,running,running
entries/distortion/dist.gb,running,running,running
entries/distractedcoder_luigi-mansion-gameboy-demake/files/LuigiMansionGameboy_jam.gbc,running,running,running
entries/diva-the-finest-girl/Diva_-_The_Finest_Girl.gb,running,running,running
entries/djarky__keychan/keychan_jam.gb,running,running,running
entries/djarky__nyan-note/nyannote_jam.gb,running,running,running
entries/djarky__witch-sound-tracker/witchtracker_jam.gb,running,running,running
entries/dmg-p-01/dmgp-01.gb,running,running,running
entries/doctor-how/doctorhow.gb,running,running,running
entries/dodgeball/dodgeball.gb,running,running,running
entries/dog-demo/Dog_Demo.gb,running,running,running
entries/domination/domination.gb,running,running,running
entries/dots/dots.gbc,running,running,running
entries/double-vision-demo/Double Vision Demo (PD) [C].gbc,running,running,running
entries/downhill-ski/DownhillSki.gb,running,running,running
entries/downstream-version-100/downstream.gb,running,running,running
entries/draculag/draculag.gbc,running,running,running
entries/drains/Drains.gbc,running,running,running
entries/drawcircles-version-110/drawcircles.gb,running,running,running
entries/drludos_dmg-vs-super-game-boy/files/DMGvsSGB_jam.gb,running,running,running
entries/droneboy/droneboy.gb,running,running,running
entries/drum-tech-free-version/drum-tech-free-version.gb,running,running,running
entries/dsl-gbc/DSL-GBC.GB,static,static,static
entries/dumblin-dungeon/Dumblin Dungeon (GB).gb,running,running,crashed
entries/dungeon-escape/Dungeon_Escape.gb,running,running,running
entries/dunked-pooper/pooper.gb,running,running,running
entries/dyna-mate/dynamate.gb,static,static,static
entries/dynamite/Dynamite.gb,running,running,running
entries/el-dueloroso/ElDueloroso.gb,running,running,running
entries/el-hazard/ELHMOVIE.GB,running,running,running
entries/elemental-fighter/elemental-fighter-5-17.gb,running,running,running
entries/emperorjub__infernodome-song-rom/The_Infernodome!.gb,static,static,static
entries/eric-kenneth_wording/files/ReWording_jam.gb,running,running,running
entries/espionage/Espionage.gb,running,running,running
entries/ett-quiz/Quizz (PD) [C].gbc,running,running,running
entries/eva-pong/EVA Pong (PD).gb,running,running,running
entries/evolandgb/evoland_0.3.0_en.gb,running,running,running
entries/exeman/exeman.gb,running,running,running
entries/f1-racing-2000-demo/F-1 Racing 2000 Demo (PD).gb,running,running,running
entries/factory-danger/factory_danger_v01.gb,running,running,running
entries/fader-demo/Fader_Demo.gbc,blank,static,static
entries/faderfox-jr/faderfox-jr.gb,running,running,running
entries/fancy-dance-moves/fancy-dance-moves.gb,running,running,running
entries/fatal-flame/FatalFlame_v2.gbc,blank,static,static
entries/fatass/fatass.gb,crashed,crashed,crashed
entries/feeding-time/feeding-time.gb,running,running,running
entries/final-tankasy/final-tankasy.gb,running,running,running
entries/fire/FIRE.GB,blank,running,running
entries/flag-demo/Flag_Demo.gb,running,running,running
entries/flappy-bird/flappybird.gb,running,running,running
entries/flappy-boy/flappyboy.gb,running,running,running
entries/flappy-flappy/flappy_flappy.gb,running,running,running
entries/flaresquip/Flaresquip.gb,running,running,running
entries/fli-plasma/cGOplASM.gbc,running,running,running
entries/flies/flies22.gb,running,running,running
entries/flightbun_millennium-gun/files/millennium-gun_jam.gb,running,running,running
entries/floracy-demo/floracy.gbc,running,running,running
entries/fnd/FriendshipNeverDiesGameBoy.gb,running,running,running
entries/font-demo-waugh/Font Demo (Jonathan Waugh) (PD) [C].gbc,running,running,running
entries/forehead-block-guy-gb/fhbg.gb,running,running,running
entries/formula-racing---wip-build---apr082016/racemedo.gb,running,running,running
entries/founded-in-fellowship/FoundedinFellowship_1.gb,running,running,running
entries/freeart-intro-v0-1/FREEART Intro V0.1.gbc,running,running,running
entries/freeart-intro-v1/FREEART Intro V1.gbc,running,running,blank
entries/freebie-gbs-2018/Freebie-GBs-2018.gb,running,running,running
entries/freebie-gbs-2019/Freebie-GBs-2019.gb,running,running,running
entries/freind/Friend.gb,running,running,running
entries/friend-ship/output.gb,running,running,running
entries/friendly/unfriendly_forest_final_v4.gb,running,running,running
entries/friendly-curse/FriendlyCurse-1.2.gb,running,running,running
entries/friendly-pirates/afriendlypirates.gb,running,running,running
entries/friki-race/frikirc.gb,running,running,running
entries/frogatr-ribbot_slide-quest-demo/files/slidequest_jam.gb,running,running,running
entries/fruit-fly-version-100/fruitfly.gb,running,running,running
entries/fruit-pursuit/Fruit_Pursuit_Beta_20221020.gb,running,running,running
entries/fruits-field/FRUIT.GB,running,running,running
entries/funny-numbers/funny-numbers.gb,running,running,running
entries/future/game.gb,running,running,running
entries/fx-shooter-g-minirpg2-story/fxgbc.gbc,running,running,running
entries/fx3gbc/fx3gbc.gbc,static,static,static
entries/fxshootr/fxshootr.gbc,running,running,running
entries/g-zero/G-ZERO_V2_6_0.gb,running,running,running
entries/gabe_edit/Gabe_Edit.gb,running,running,running
entries/galactic-ambassador/galactic_ambassador.gb,running,running,running
entries/game-1/GAME1.GB,running,running,running
entries/game-boy-dnd-character-sheet/GB_Character_Sheet.gb,running,running,running
entries/game-boy-life/life.gb,running,running,running
entries/game-boy-wip/game.gb,running,running,running
entries/game_boy_of_life/life.gb,running,running,running
entries/gameboy-music-compiler-2014-10-21/bgm03.gbc,running,blank,blank
entries/gameboy-pong/gbpong.gb,running,running,running
entries/gameboy-project/steffen.gb,running,running,running
entries/garpsters-archaic-rooms-of-paranoia/GARP.GBC,running,running,running
entries/gas-demo-1/GAS Demo 1 (PD) [C].gbc,running,running,running
entries/gay/GAY.GB,running,running,running
entries/gb-303/gb-303.gb,running,running,running
entries/gb-als/GB ALS V1.0f (PD).gb,running,running,running
entries/gb-basic/GBBASIC.GB,running,running,running
entries/gb-clock/clock.gb,static,static,static
entries/gb-corp/gbcorp.gb,running,running,running
entries/gb-debug/GBD.GB,running,running,running
entries/gb-dtmf/GB-DTMF.GB,running,running,running
entries/gb-electric-drum/GB Electric Drum (PD).gb,static,static,static
entries/gb-footy/game.gb,running,running,running
entries/gb-key/gb-key.gb,static,static,static
entries/gb-lander-v0-02/GB-Lander.gb,running,running,running
entries/gb-monhun/GBMonHunMUSIC.gb,running,running,running
entries/gb-pda/pda.gb,running,running,running
entries/gb-phantom/Phantom.gb,running,running,running
entries/gb-printer-emulator-v1-0/Gameboy Printer Emulator V1.0 by Jeff Frohwein (PD).gb,static,static,static
entries/gb-quiz-for-kids/Quiz.gb,running,running,running
entries/gb-raycast/RAYCAST.GB,running,running,running
entries/gb-rem/gb-rem.gb,static,static,static
entries/gb-sfx-generator/gb-sfx-generator.gb,running,running,running
entries/gb-stasis/GBStasis_Demo_(v0_83).gb,running,running,running
entries/gb-tic-tac-toe/GB-TicTacToe.gb,running,running,running
entries/gb-wordyl/GBWORDYL_0.85_en.gb,running,running,running
entries/gbamatron/gbamatron.gb,running,running,running
entries/gbamatron-v1-0/GBamaTron.gb,running,running,running
entries/gbapa2/GBAPA2.GB,running,running,running
entries/gbcbarcode/gb-bar.gb,static,static,static
entries/gbccardgame/pelmanism.gb,running,running,running
entries/gbccuecat/gb-cat.gb,static,static,static
entries/gbcgps/gb-gps.gb,static,static,static
entries/gbcirviewer/ir_view.gb,running,running,running
entries/gbcjkit/jkit.gb,running,running,running
entries/gbclock-v1-0/Clk.gb,static,static,static
entries/gbclock-v1-2/CLK.GB,static,static,static
entries/gbcpdc/gb-pdc.gb,running,running,running
entries/gbcshell/shell.gb,running,running,running
entries/gbdev14-snake/snake.gb,running,running,running
entries/gbiskindasus/game.gb,running,running,running
entries/gbsoundxperimenter/Soundx.gb,running,running,running
entries/gejmbaj/gejmboj.gb,running,running,running
entries/genesis/game.gb,running,running,running
entries/geometrix/geometrix.gbc,running,running,running
entries/gerry-the-friendly-ghost/game.gb,running,running,running
entries/gerzytet_race-for-the-ps9/files/PS9Race.gbc,running,running,running
entries/gesusa-hilfe/gesusa-hilfe.gb,running,running,running
entries/ghostbusters-logo-demo/Ghostbusters Logo Demo (PD).gb,running,running,running
entries/ghunter-v0-5/GHunter.gb,running,running,running
entries/gibbongl_gb-tv-show-music/files/game.gb,running,running,running
entries/gloomglow/game.gb,running,running,running
entries/glory-hunters/Glory Hunters Chapter 1 ver.0.1.gb,running,running,running
entries/going-bananas/banana7.gb,running,running,running
entries/good-luck-mrbatto/GLMrBatto-v0-3.gb,running,running,running
entries/gortyncode__chantey-prologue/chantey-prologue_jam.gb,running,running,running
entries/gosub/gosub20220609.gb,running,running,running
entries/graal-v1-1-adventure-demo/Graal V1.1 Adventure Demo (PD) [C].gbc,running,running,running
entries/grannies/grannies.gb,running,running,running
entries/grayfox-gbdk-scroll-sample/SAMP03B1.GB,running,running,running
entries/grayfox-gbdk-sprite-sample/SAMP05B1.GB,running,running,running
entries/grayfox-gbdk-window-sample/GBMG04B1.GB,running,running,running
entries/greatfoohachi_game-boy-hero-ii/files/Game Boy Hero II_jam.gb,running,running,running
entries/grecotron-v0-91/grecotron.gbc,running,running,running
entries/grimmrobegames__abducted/Abducted.gb,running,running,running
entries/grind-jet/grind-jet.gb,running,running,running
entries/grub-glide/GrubGlide.gb,running,running,running
entries/guess-the-number-1/GuessTheNumber_1.gb,running,running,running
entries/guess-the-number-2/GuessTheNumber_2.gb,running,running,running
entries/guess-the-number-3/Guess The Number 3 (PD) [C].gbc,running,running,running
entries/gunman-clive/gunman-clive.gb,running,running,running
entries/gunpey/namihey.gb,running,running,running
entries/guns--riders-version-10/gunsriders.gb,running,running,running
entries/gunship/game.gb,running,running,running
entries/hamburgers-en-route-to-switzerland/hamburger32.gb,running,running,running
entries/handheld-heroes-player/handheld-heroes-player-rev-b.gb,running,running,running
entries/hangman-99/Hangman_02.gb,running,running,running
entries/harrier/harrier.gb,running,running,running
entries/headache-boy/headache-boy.gb,running,running,running
entries/heebie-gbs-2014/Heebie-GBs-2014.gb,running,running,running
entries/helicopter/helicopter.gb,running,running,running
entries/hello-tepples/hello.gb,running,running,running
entries/hello-world/S_TN - Hello world.gb,running,running,running
entries/hello_world/hello_world-download-version.gb,running,running,running
entries/her-sovereign-virus-version-010/hersovereignvirus.gb,running,running,running
entries/hero-guide-your-heart-concept-demo/game.gb,running,running,running
entries/herozero-fractal-demo/HeroZero_Fractal_Demo.gb,running,running,running
entries/hey-you-pikachu-demake/game.gb,running,running,running
entries/hi-colour-demo/gbhc.gbc,running,running,running
entries/hicolor-animation-engine/GFX.GB,running,running,running
entries/highnoon/HighNoon (PD) [C].gbc,running,running,running
entries/hikaris-summer-job/Hikaris_Summer_Job.gb,running,running,running
entries/hikaru/HIKARU.GB,running,running,running
entries/hitorigb/hitori.gb,running,running,running
entries/hot-gameboy/hotgb.gb,running,running,running
entries/hover-defender/hoverdefender.gb,running,running,running
entries/hungry-are-the-dead-demo-3/hungrydm3.gbc,running,running,running
entries/hungry-birds/HungryBirds.gb,running,running,running
entries/hybrid-gbplot/Hybrid GBPlot (PD).gb,static,static,static
entries/hyper-cat/hypercat.gb,running,running,running
entries/i-guardian/I Guardian (PD) [C].gbc,running,running,running
entries/i-shall-be-queen/ishallbequeen.gb,running,running,running
entries/ichi-ni-san/ichi-ni-san.gb,running,running,running
entries/ikinari-bopper/ikinari-bopper.gb,running,running,running
entries/impossipong/pong.gb,running,running,running
entries/infinitron/infinitron.gbc,static,static,static
entries/infinity-preview-version-100/infinity.gb,running,running,crashed
entries/infrared-investigator/Infrared Investigator by Ken Kaarvik (PD) [C].gbc,static,static,static
entries/interblocked/INTERBLOCKED.gb,running,running,running
entries/into-the-blue/into-the-blue.gb,running,running,running
entries/intro-1-dcs/dcs-i_01.gbc,running,running,running
entries/intro-4-dcs/dcs-i_04.gbc,running,running,running
entries/intro-collection/introcollection.gbc,running,running,running
entries/intro-v2/FREEART Intro V2.gbc,blank,blank,blank
entries/intro-v3/FREEART Intro V3.gbc,blank,blank,blank
entries/ir-viewer/IR-Viewer (PD) [C].gbc,running,running,running
entries/is-relative/Is_relative_french.gb,running,running,running
entries/is-that-a-demo-in-your-pocket/pocket.gb,running,running,running
entries/isaac-first-gb-demo/Issac's First GB Demo (Quang2000) (PD) [C].gbc,running,running,running
entries/island-story/ISLANDSTORY.gb,running,running,running
entries/its-about-time/game.gb,running,running,running
entries/jackoatley_gekokujo/files/gekokujo_jam.gb,running,running,running
entries/jamboy/JamBoy.gb,running,running,running
entries/james-bond-demo/James Bond Demo (PD).gb,running,running,running
entries/jeffzzq_western-road/files/western_road_jam.gbc,running,running,running
entries/jet-pak-dx/jetpakdx.gb,running,running,running
entries/jet-set-willy-v2-beta-2/jsw.gb,running,running,running
entries/jetpak-dx-gr/jetpakdx-gr.gb,running,running,running
entries/jetset-willy/jetset-willy.gb,running,running,running
entries/jlim_gbcompo-2025/files/game.gb,running,running,running
entries/jls-gameboy-beatem-up/game.gb,running,running,running
entries/joaobapt__dungeon-master/dungeon-master_jam.gb,running,running,running
entries/joserichi__arrow-rain/ArrowRain_jam.gb,running,running,running
entries/joshua-wise-demo/Joshua Wise's Demo (Quang2000) (PD) [C].gbc,running,running,running
entries/joypad-test/Joypad_Test.gb,running,running,running
entries/jp/jp.gb,running,running,running
entries/jrp-01-invite/GINTRO.GBC,static,static,static
entries/jumpik/jumpik-bung-v4-pd-c.gbc,running,running,running
entries/k32superrocket/K32_Super_Rocket_(World)_(Rev4)_(GBCompatible).gbc,running,running,running
entries/kabcorp__8bit-sunset/8BIT_SUNSET_jam.gb,running,running,running
entries/kabcorp_dmg-keygen/files/DMGKEYGEN_jam.gb,running,running,running
entries/kannonblitz85_gbdoom/files/GBDoom_jam.gb,running,running,running
entries/kasumi-scroller/Kasumi_Scroller.gb,running,running,running
entries/kenny-and-the-evil-blob/KennyAndTheEvilBlob.gbc,running,running,running
entries/keystone-capers/keystone-capers.gb,running,running,running
entries/khonsu/Khonsu.gb,running,running,running
entries/kings-korner/KingsKorner.gbc,running,running,running
entries/kirbothedirbo_tickets/files/game.gb,running,running,running
entries/kirby-xxl/KIRBYXXL.GB,running,running,running
entries/klondike/klondike.gbc,running,running,running
entries/kolobok-zoom-1/KOLOBOK ZOOM 1 (PD) [C].gbc,running,running,blank
entries/kolobok-zoom-2/KOLOBOK ZOOM 2 (PD) [C].gbc,running,running,running
entries/kristiandvd__tigertale/TIGERTALE_NoColor.gb,running,running,running
entries/kupman/kupman.gb,running,running,running
entries/kurolink78__the-children/game.gb,running,running,running
entries/lab3d/Lab3D.gbc,running,running,running
entries/labyrinth/Labyrinth.gb,running,running,running
entries/lacoste42__mad-monster/Mad_Monster_GB_(WLS).gb,running,running,running
entries/ladeks/LADEKS.GB,running,running,running
entries/lambo-ii/L2.GB,running,running,running
entries/landscape/Ls.gb,running,running,running
entries/last-crown/lastcrowndemo.gb,running,running,running
entries/lawnboy/LAWNBOY.GBC,running,running,running
entries/lazerpong/lazerpong.gb,running,running,running
entries/lazydevs__stardiver/stardiver.gb,running,running,running
entries/lazydevs_dragonslayer/files/dragonslayer.gb,running,running,running
entries/lcd-game/LCDGame.gbc,running,running,running
entries/le-grand-bleu/lgb.gbc,running,blank,blank
entries/leanart_kuli/files/kuli_jam.gbc,running,running,running
entries/leanart_sgb/files/sgb_jam.gb,running,running,running
entries/legend-of-doge/Legend_Of_Doge.gb,running,running,running
entries/lemon-player-demo/Lemon Player Demo by Lemon Productions (PD).gb,running,running,running
entries/les-wet_save-maurice-dig/files/SAVEMAURICE_jam.gb,running,running,running
entries/less-is-more/AYS-LiM.gb,running,static,static
entries/libbet/libbet.gb,running,running,running
entries/life-gb/life.gb,running,running,running
entries/light-boy-game/game.gb,running,running,running
entries/lightforce-intro-1/lfc1.gbc,running,blank,blank
entries/lillie-chippie__dddddeemon/dddddeemon_jam.gb,running,running,running
entries/linum-alpha-a01/Linum_Alpha_a01.gb,running,running,running
entries/lofi-gb-beats-1/lofi-chiptune-1.gb,running,running,running
entries/logx/LogX.gb,running,running,running
entries/lonely-house/Lonely_House.gb,running,running,running
entries/long-boi/longboi.gb,running,running,running
entries/lost-in-translation/lost-in-translation.gb,running,running,running
entries/lsdj/lsdj.gb,running,running,running
entries/lucidlyes_sliding-puzzle/files/Sliding_Puzzle_GB.gb,running,running,running
entries/lumberjack/ind-lj.gb,running,running,running
entries/lunar-chase/x-tech-demo-1.gb,running,running,running
entries/madpews-battlegrounds/battlegrounds.gb,running,running,running
entries/magali-the-wiener/magali-the-wiener.gb,running,running,running
entries/mageofcode_a-hunters-heart-demo/files/A Hunter's Heart_jam.gb,running,running,running
entries/magic-eye/Magic Eye (PD) [C].gbc,running,running,running
entries/magic-screen/Magic Screen (Etch-A-Sketch) (SGB).gb,running,running,running
entries/mallard/mallard.gb,running,running,running
entries/marcbla-3d-demo/Marcbla 3D Demo (PD) [C].gbc,running,blank,blank
entries/maresia/Maresia_v1.1_en-ptbr.gb,running,running,running
entries/mario-bros-demo-02/mario.gb,running,running,running
entries/mario-clone/mario.gbc,running,running,running
entries/mario-walk/walk.gb,running,running,running
entries/master-your-multiplication/MasterYourMultiplication.gb,running,running,running
entries/mastermind/mastermind plus.gb,running,running,running
entries/mateusdigital_el-jamon-volador/files/el-jamon-volador_1.2.1.gb,running,running,running
entries/math-drill-20/MathDrill20.gb,running,running,running
entries/max/game.gb,running,running,running
entries/maxpirate/maxpirate.gb,running,running,running
entries/maxpirateeb/maxpirateeb.gb,running,running,running
entries/maze-rage/maze_game.gb,running,running,running
entries/maze-runner/MAZERUN.GBC,running,running,running
entries/maze-runner-atari-style/Maze Runner - Atari-Style Version (Quang2000) (PD) [C].gbc,running,running,running
entries/mazezam/MazezaM.gb,running,running,running
entries/mean-mr-mustard/mean-mr-mustard-lik-sang-pd-c.gb,blank,blank,blank
entries/megamania/SHIP.GB,running,running,running
entries/meganime/MEGANIME.GB,running,running,running
entries/menu-1-quartex/qtx-t_01.gbc,running,running,running
entries/menu-1-resistan/rse-t_01.gbc,running,running,running
entries/menu-1-tristar/trsi-t_1.gbc,running,running,running
entries/menu-1-utopia/utp-t_01.gbc,running,running,running
entries/menu-2-resistance/rse-t_02.gbc,running,running,running
entries/menu-2-utopia/utp-t_02.gbc,running,running,running
entries/menu-3-resistance/rse-t_03.gbc,running,running,running
entries/menu-4-resistance/rse-t_04.gbc,running,running,running
entries/menu-5-capital/CPL-T_05.GBC,running,blank,blank
entries/merken/merken.gb,running,running,running
entries/merry-christmas/MerryXMAS.gb,running,running,running
entries/merry-christmas-sack/xmas.gb,running,running,running
entries/mgb/mgb.gb,running,running,running
entries/mhgb/MHGB_Demo_V1.gb,running,running,running
entries/micro-friendly/game.gb,running,running,running
entries/miku-miku-walking/miku_miku_walking00.gb,running,running,running
entries/mindbleach__slayer-the-hawk/Slayer_the_Hawk_final_compo_jam.gb,running,running,running
entries/mines-gbc/Mines.gbc,running,running,running
entries/minesweeper/Minesweeper.gb,running,running,running
entries/mona/Mona_And_The_Witch_Hat.gb,running,running,running
entries/monkey-cowboys-extreme/jml-mce.gb,running,running,running
entries/monster-egg-demo/monsteregg_demo_v0.1.gb,running,running,running
entries/mousetrap/mousetrap.gbc,running,running,running
entries/mplay-demos/MPLAY205.GB,running,blank,blank
entries/mplay2-demo-showroom-music/mplay2demo---showroom-music-pd-c.gbc,blank,blank,blank
entries/mrex3c98_gb-tile-editor/files/gte.gb,running,running,running
entries/mrpapshmir_abyss-gbcompo2025/files/Abyss_jam.gb,running,running,running
entries/muddy-gb/muddy-gb.gb,running,running,running
entries/multi-puzzle/Multi Puzzle (PD).gb,running,running,running
entries/murdera/mc-mrder.gb,running,running,running
entries/music-box-bb/musicbox.gb,running,running,running
entries/music-mod-gb-test/Music Mod GameBoy Test (GB).gb,running,running,running
entries/music-tech-v1-free-version/music-tech-v1-free-version.gb,running,running,running
entries/music-tech-v2-free-version/music-tech-v2-free-version.gb,running,running,running
entries/mygame/Mygame.gb,running,running,running
entries/nam-attack/Nam Attack (PD) [C].gbc,running,running,running
entries/nan0b0mba/nan0b0mba.gb,running,running,running
entries/nan0fr0ggr/nan0fr0ggr.gb,running,running,running
entries/nan0w0rm/nan0w0rm.gb,running,running,running
entries/nanoloop/nanoloop.gb,running,running,running
entries/nanosynth/nanosynth.gb,running,running,running
entries/nanovoice/nanovoice.gb,running,running,running
entries/nario-bbs-demo/BBS Demo (Quang2000) (PD).gb,running,running,running
entries/neo-racer/Neo-Racer (Quang2000) (PD) [C].gbc,static,static,static
entries/nerdrix/nerdrix.gb,running,running,running
entries/nervous/NERVOUS.GB,running,running,blank
entries/nikku4211__7heaven/7HEAVEN_jam.gb,running,running,running
entries/ninety/NINETY.GBC,running,blank,blank
entries/ningami/Ningami.gb,running,running,running
entries/noah-demo/Noah_1_5_2_by_Sloopygoop.gb,running,running,running
entries/nobody-the-story-of-nothing-demo-version-02/nobodydemo.gb,running,running,running
entries/nosuchthing/nosuchthing.gb,static,static,static
entries/novascape/novascap.gb,running,running,running
entries/novasquirrel_conways-life-for-game-boy/files/life.gb,running,running,running
entries/nuku7/NUKU7.GB,running,running,running
entries/numeris-oct/game.gb,running,running,running
entries/nyancat/nyan.gb,running,running,running
entries/obgbtc/OBGBTC (Tile Creator) (PD) [C].gbc,running,running,running
entries/oh/oh.gb,running,running,running
entries/oldskool-intro/intro.gb,blank,blank,blank
entries/one-bit-paint/onebitpaint.gb,running,running,running
entries/one-hit-kill-screen/one-hit-kill-screen.gb,running,running,running
entries/onputor/onputor.gb,running,running,running
entries/oranges/oranges52.gb,running,running,running
entries/orb-catcher/orb-catcher.gb,running,running,running
entries/os-diz11/test.gb,static,static,static
entries/oshf_tomato-do/files/TOMATO-DO_jam.gb,running,running,running
entries/packri-monster/Packri_Monster.gb,running,running,running
entries/pacman/pacman.gbc,running,running,running
entries/paddle-mission/PaddleMission.gb,running,running,running
entries/paragon5-music-cart/P5_ALBUM.GB,running,running,running
entries/patmorita__hermano-game-boy/Hermano_1.1_jam.gb,running,running,running
entries/pattern-demo/Pattern Demo (PD) [C].gbc,running,running,running
entries/pazeek/skyrank-games---pazeek-6-9-01.gb,running,running,running
entries/phil-bad-dad-games__chomp-n-stomp/ChompNStomp_jam.gb,running,running,running
entries/phoenix/Phoenix [Jim Bagley] (PD) [C].gbc,running,blank,blank
entries/phreakboy/gb-phreak.gb,running,running,running
entries/pht-gbc-01/pht-t_01.gbc,running,running,running
entries/pikakilla/Pikakilla.gb,running,running,running
entries/pilot-gbs/game.gb,running,running,running
entries/pineapplekid/PINEAPPLE_KID_DEMO.gb,running,running,running
entries/ping-pong-diplomacy-version-10/PingPongDiplomacy-gb-rom-v-1.0.gb,running,running,running
entries/planet-life-demo/game.gb,running,running,running
entries/plantboy/PlantBoy.gb,running,running,running
entries/plasma-storm/PlasmaStorm.gbc,blank,blank,blank
entries/plutos-corner/PLUTOS_CORNER.gb,running,running,running
entries/plyr0_qulqy/files/qulqy_jam.gbc,running,running,running
entries/pocket-tangrams-vol-1/pocket-tangrams-vol-1.gb,running,running,running
entries/poke-mission-97/Poke97.gb,running,running,running
entries/polka-sheep/polkasheep.gb,running,running,running
entries/pong/Pong.gb,running,running,running
entries/popcorn-caravan/popcorn-caravan.gb,running,running,running
entries/porklike-gb/porklike.gb,running,running,running
entries/postbot/PostBot.gb,running,running,running
entries/pothead-pong/POTPONG.GB,running,running,running
entries/pounder/pounder.gb,running,running,running
entries/power-bee/power_bee_beta.gb,running,running,running
entries/pre-teen-wasteland/Pre-Teen_Wasteland_v1.gb,running,running,running
entries/present-panic-version-10/ppanic.gbc,running,running,running
entries/pretty-princess-castle-escape/pretty-princess-castle-escape.gb,running,running,running
entries/projectsrya__df/DF_project_jam.gb,running,running,running
entries/proxima/proxima.gb,running,running,running
entries/pspsps/Pspsps_(Updated).gb,running,running,running
entries/pulsar-v1-0/pulsar.gbc,running,running,running
entries/punk/Punk.gb,running,running,running
entries/pushingo/Pushingo_GB_(WLS).gb,running,running,running
entries/puzz/Puzz.gb,running,running,running
entries/puzzle/Puzzle.gb,running,running,running
entries/puzzlex/PuzzleX.gb,running,running,running
entries/qbert-version-100-gr/qbertgr.gbc,running,running,running
entries/qtx-gbc-intro-1/qtx-gbc-intro-1.gbc,running,running,running
entries/quadrop-v0-93/quadrop.gbc,running,running,running
entries/quartet/quartet.gb,running,running,running
entries/quick-push/QuickPush.gb,running,running,running
entries/quinevere__gigant-golf/gigantgolf_jam.gb,running,running,running
entries/r-type-collection-1/r-type-collection-1.gb,running,running,running
entries/raster-scroll-sample/raster.gb,running,running,running
entries/realtime/Realtime.gb,running,running,running
entries/red-dreams/red.gb,running,blank,blank
entries/red-top/redtop.gbc,running,running,running
entries/redoctorok_princess-and-wizard-town-of-labu/files/Princess and Wizard_jam.gb,running,running,running
entries/rei-3d-demo/REI3D.GB,running,running,running
entries/renaissance-filler/renaissance-filler.gb,running,running,running
entries/renegade-rush/RenegadeRush.gb,running,running,running
entries/retro-otrop-en/game.gb,running,running,running
entries/retrobitninja_bomb-tracker/files/bomb-tracker_jam.gb,running,running,running
entries/retroid/Retroid.gb,running,running,running
entries/retroreflector__banished/Banished_jam.gb,running,running,running
entries/rex-run-v1-0/rex-run-v1.0.gb,running,running,running
entries/rex-runner-gb/rex-runner.gb,running,running,running
entries/rez/rez.gb,running,running,running
entries/rgb-grafx-demo/RGB Grafx Demo (PD) [C].gbc,running,running,static
entries/rhythm-land/rhythm-land.gb,running,running,running
entries/right-to-repair/game.gb,running,running,running
entries/rikoclon__source-hack/Source_Hack_Jam.gb,running,running,running
entries/roader-gb/ROADER.GB,running,running,running
entries/robot-war/Robot War (PD).gb,running,running,running
entries/roboto-demo/skrollidemo.gb,running,running,running
entries/rocket-man/rocketmandemo.gb,running,running,running
entries/rodrigocard_text-reader-gb/files/TXTReaderGB-DEMO.gb,running,running,running
entries/rogue-lcd-v1-0/roguelcd.gb,running,running,running
entries/roleander_lazz-and-the-infinity-city-nights/files/game.gb,running,running,running
entries/rom-wasnt-built-in-a-day/rom-wasnt-built-in-a-day.gb,running,running,running
entries/rope-bombs/rope-bombs.gb,running,running,running
entries/ropeandbombs/ropeandbombs.gb,running,running,running
entries/rorecon/RoReCon.gb,running,running,running
entries/rotation/Rotation.gb,running,running,running
entries/rpn-calculator/RPN_Calculator.gb,running,running,running
entries/rumble--tumble-e3-2001-demo/rumble--tumble-early-beta-5-17.gbc,running,running,running
entries/run/run.gb,running,running,running
entries/run-1/Run!!.gb,running,running,running
entries/runtodatabay/databay.gb,running,running,running
entries/rustyrocket__squirrel-falls/SquirrelFalls.gb,running,running,running
entries/sabinov/gbgame.gb,running,running,running
entries/sabotage-color-demo/Sabotage Color Demo (PD) [C].gbc,running,running,running
entries/safe-file/SafeFile.gb,running,running,running
entries/sailor-moon-demo/Sailor Moon Demo (PD).gb,running,running,running
entries/saint-seiya/SaintSeiya.gb,running,running,running
entries/samuel/jml-sam.gb,running,running,running
entries/sand/sand.gb,running,running,running
entries/santa-claus-journey/scjourney music.gb,running,running,running
entries/save-the-puppies/stp29.gb,running,running,running
entries/scarymazegame/game.gb,running,running,running
entries/scorching-light/pasquiindustry_scorchinglight_en_v1_0_1.gb,running,running,running
entries/scrolling-blue-demo/Scrolling Blue Demo (PD) [C].gbc,running,running,running
entries/seating-chart/game.gb,running,running,running
entries/second-reality/2ND - FINISHED.gb,running,running,running
entries/segmond-first-demo/Segmond First Demo (PD).gb,running,running,running
entries/serpedelic-version-110/serpedelic.gb,running,running,running
entries/serpent-apocalypse/SerpentApocalypse.gbc,running,running,running
entries/severen-demo-ver/game.gb,running,running,running
entries/shadow-nights/game.gb,running,running,running
entries/sheep-kaboom/sheep-kaboom.gb,running,running,running
entries/sheep-leap/SheepLeap.gb,running,running,running
entries/sheepitup/sheepitup.gb,running,running,running
entries/sherlock-a-study-in-scarlet/Sherlock_-_A_Study_in_Scarlet.gb,running,running,running
entries/shield-warrior-vii/ld36.gb,running,running,running
entries/ship/SHIP.GB,running,running,running
entries/shitty25d/shitty25D01.gb,running,running,running
entries/shitwave/shitwave.gb,running,running,running
entries/shmup/SHMUP.GB,running,running,running
entries/shock-lobster/shocklobster.gb,running,running,running
entries/shoot-the-x/spr4col.gb,running,running,running
entries/shutdown/ShutDown.gb,running,running,running
entries/sierpinski-gasket/Sierpinski Gasket (PD).gb,running,running,running
entries/silk-road-demo/silk.gb,running,running,running
entries/simple-dictionary-v1-2/Simple Dictionary V1.2 (PD).gb,running,running,running
entries/simple-parallax-scroller/Simple Parallax Scroller (PD).gb,running,running,running
entries/skazka/skazka.gb,running,running,running
entries/skinke/jml-skin.gb,running,running,running
entries/skoardy/skoardy.gb,running,running,running
entries/slider/slider.gb,running,running,running
entries/slippy/Slippy.gb,running,running,running
entries/sloopygoop__re-cycle/Sloopygoop_Re-Cycle_jam.gb,running,running,running
entries/sludgeon-2/sludgeon-2.gb,running,running,running
entries/smooth-colour-fading-demo/Smooth Colour Fading Demo (PD) [C].gbc,blank,static,static
entries/snake/snake.gb,running,running,running
entries/snake-gb/snake.gb,running,running,running
entries/snake-gbdk/snake.gb,running,running,running
entries/snake-sanky/snake.gbc,running,running,running
entries/sneaky-snakes/snake.gb,running,running,running
entries/snek-gbc/pong.gb,running,running,running
entries/sokoban/sokoban.gb,running,running,running
entries/solveknight-gb-v1-1/SolveKnightGB.gb,running,running,running
entries/some-old-stuff/SOS.gbc,running,running,running
entries/somos-amigos/game.gb,running,running,running
entries/song-of-morus-ghostly-night/game.gb,running,running,running
entries/soul-raiders-jailbreak/soul-raiders-jailbreak.gb,running,running,running
entries/soul-void/game.gb,running,running,running
entries/sound-mode-1/sound.gb,running,running,running
entries/south-pong/SouthPong.gb,running,running,running
entries/southern-dreams/b001.gb,running,running,running
entries/southern-dreams-slideshow/Southern Dreams - Slideshow (Lik-Sang) (PD) [C].gbc,running,running,running
entries/southern-dreams-smart-demo/Southern Dreams - SMART Demo (Quang2000) (PD) [C].gbc,running,running,running
entries/space/space.gb,running,running,running
entries/space-crawler/SpaceCrawler.gb,running,running,running
entries/space-faces/SpaceFaces.gbc,running,static,static
entries/space-invaders-programming-demo/SI.GB,running,running,running
entries/space-invasion-version-01/spaceinvasion01.gb,blank,running,running
entries/space-invasion-zero-version-100/warmup.gb,running,running,running
entries/space-mission-dx/SpaceMissionDX.gbc,running,running,running
entries/space-panic/spacepanic.gb,running,running,running
entries/speedfinger/Speed Finger.gb,running,running,running
entries/speedp/speedp.gb,running,running,running
entries/spiral-game-boy-music-rom/Spiral_-_Matt_J_Hart_(GB_ROM).gb,static,static,static
entries/sprite-priority-demo/SPRITE.GB,running,running,running
entries/sqrxz/sqrxz.gb,running,running,running
entries/square-fall/square_fall_v01.gb,running,running,running
entries/squishy-the-turtle/squishy-magfest.gb,running,running,running
entries/ssas-stepgirl/ssas-stepgirl.gb,running,running,running
entries/stadin-brankkari/stadin.gbc,running,running,running
entries/stalker/stalker.gbc,running,blank,blank
entries/star-fighter-demo/Star Fighter by Jonathan Waugh (PD) [C].gbc,running,running,running
entries/star-heritage-demo/star-heritage-demo-version-by-r-lab-pd-c.gbc,running,running,running
entries/star-heritage-final/starheritagebattery.gbc,running,running,running
entries/starfield/starfield.gb,running,running,running
entries/starfight/starfigh.gb,running,running,running
entries/starfisher/starfisher.gb,running,running,running
entries/startex/Star Tex (Quang2000) (PD) [C].gbc,static,static,static
entries/staticlinkage__skeleton-crew/skeletoncrew_jam.gb,running,running,running
entries/staydown/staydown.gb,running,running,running
entries/steinsgate_8-bit_v0-40/SteinsGate 8-Bit v0.40.gb,running,running,running
entries/sticky-hooves-in-the-temple-of-vel-cro/sticky-hooves-in-the-temple-of-vel-cro.gb,running,running,running
entries/stoic-software-tribute-usa/Stoic Software's Tribute to the United States (PD) [C].gbc,running,running,running
entries/stopwatch-version-1/stopwatch-v1.gb,running,running,running
entries/stormplay_operation-followthrough/files/OPERATIONFOLLOWTHROUGH_Jam.gb,running,running,running
entries/stripped/stripped.gbc,running,running,running
entries/stroker/stroker.gb,running,running,running
entries/studio-anchor_dropblox/files/dropblox!_prealpha_jam.gb,running,running,running
entries/stunner/tunnel.gb,running,running,running
entries/sukus__towizz/towizz_jam.gb,running,running,running
entries/sunset-hellgate/SunsetHellgate.gb,running,running,running
entries/super-catacomb/catacomb.gb,running,running,running
entries/super-ninja/super_ninja.gbc,running,running,running
entries/super-princess-2092/super-princess-2092.gb,running,running,running
entries/superconnard/sc_prod.gb,running,running,running
entries/sushi/sushi.gb,running,running,running
entries/sushi-nights/SushiNights.gb,running,running,running
entries/sworld-2/SWorld2.gbc,running,running,crashed
entries/t-rex/t-rex.gb,running,running,running
entries/t2/T2.GB,running,running,running
entries/taeyukki_longing-for-life-demo/files/Longing-for-Life_jam.gb,running,running,running
entries/take-care-of-yourself-version-100/tcoy.gb,running,running,running
entries/talking-gb/PI.GB,blank,static,static
entries/tam-bitmap-demo/Tam Bitmap Demo (PD).gb,running,running,running
entries/tardigrade-nx_game-of-life-kuzushi/files/Game of Life Kuzushi (v1.0).gb,running,running,running
entries/tardigrade-nx_logic-island/files/LogicIsland-v2.1.gb,running,running,running
entries/tech-and-blood/game.gb,running,running,running
entries/telling-lys/tellinglys.gb,running,running,running
entries/temple-of-velcro-sticky-hooves-in-the/templeofvelcro.gb,running,running,running
entries/tendonin/tendonin.gb,running,running,running
entries/terminator-2/T2.gb,running,running,running
entries/the-bouncing-ball/THEBOUNCINGBALL.GB,running,running,running
entries/the-clock-maze/game.gb,running,running,running
entries/the-delivery-by-gallocode/The-Delivery.gb,running,running,running
entries/the-faerie-princess-version-110/the-faerie-princess.gb,running,running,running
entries/the-fetch-quest/game.gb,running,running,running
entries/the-forest-hero/The_Forest_Hero.gb,running,running,running
entries/the-friendly-cpu/friendly_CPU.gb,running,running,running
entries/the-gameboy-demo-collection/the-gameboy-demo-collection.gb,running,running,running
entries/the-horrible-demon/The Horrible Demon.gb,running,running,running
entries/the-horrible-demon-3/TheHorribleDemon3.gbc,running,running,running
entries/the-horrible-demon-iv-v0-1/THD4.gbc,running,running,running
entries/the-horrid-demon/Horrid.gb,running,running,running
entries/the-matrix/Matrix.gb,running,running,running
entries/the-maze/the_maze.gb,running,running,running
entries/the-maze-the-3-clocks/The_Maze_&_The_3_clocks.gb,running,running,running
entries/the-other-alarm-clock/the_other_alarm2.gb,running,running,running
entries/the-princess-and-the-pauper/princess.GBC,running,running,running
entries/the-ritual/the-ritual.gb,running,running,running
entries/the-roadhog-frog/ROADHOG_FROG.GB,running,running,running
entries/the-shelter/TheShelter.gb,running,running,running
entries/the-squire-gameboy/The_Squire.gbc,running,running,running
entries/the-syntax-pocket-party/the-syntax-pocket-party.gb,running,running,running
entries/thedarktiger_crate-pusher/files/CRATEPUSHER_jam.gb,running,running,running
entries/they-are-everywhere-version-010/tae-multibank.gb,running,running,running
entries/they-came-from-outer-space/tcfos.gb,running,running,running
entries/thin-ice-rescue/thin-ice-rescue.gb,running,running,running
entries/this-side-up/q-tsu.gb,running,running,running
entries/tic-tac-earth/TicTacEarth2805JamVersion.gb,running,running,running
entries/tic-tac-toe_1/GBTICTAC.GB,running,running,running
entries/time-travel-story/game.gb,running,running,running
entries/tiny-dancer/tiny-dancer.gb,running,running,running
entries/titanic-2000-demo/Titantic 2000 Demo (PD) [C].gb,running,running,crashed
entries/tizummo_piranesian/files/Piranesian.gb,running,running,running
entries/tobutobugirl/tobu.gb,running,running,running
entries/tobutobugirldeluxe/tobudx.gb,running,running,running
entries/together-alone/TogetherAlone.gb,running,running,running
entries/tom-atom/tomatom.gbc,running,running,running
entries/tonywang_gbb-reversi/files/Reversi_gbcompo25_jam.gb,running,running,running
entries/totp-gb/totp-gb.gb,running,running,running
entries/touhou-gb/touhou-gb.gb,running,running,running
entries/touhou-gb-version-02/touhou_winter.gb,running,running,running
entries/tower-of-hanoi/tower-of-hanoi.gb,running,running,running
entries/train-bandits/001_Train_Bandits.gb,running,running,running
entries/traumatarium/Traumatarium_GB.gb,running,running,running
entries/trickle-greenweed-mermaid-at-law-in-christmas-catastrophe/game.gb,running,running,running
entries/tridball/Tridball.gbc,static,static,static
entries/true-lies-1/ASG-T_01.GB,crashed,crashed,crashed
entries/trve-metal-crossing/game.gb,running,running,running
entries/tuff/game.gb,running,running,running
entries/tunnel-v0-1/Tunnel.gb,running,running,running
entries/turbo-rc-racing/turbo-rc-racing.gb,running,running,running
entries/turbocharged/turbocharged.gb,crashed,crashed,crashed
entries/turkey-talk/turkeytalk.gb,running,running,running
entries/tutty-demo-version/tutty.gbc,crashed,crashed,crashed
entries/twin-peaks-meanwhile/Twin_Peaks_Meanwhile.gb,running,running,running
entries/tyrian-2000/t.gb,running,running,running
entries/tyro-shaman/TyroShaman.gbc,running,running,running
entries/uaflag/uaflag.gb,static,static,static
entries/ucbn/ucbn.gb,running,running,running
entries/ugb-player-demo/UGB Player Demo by Thalamus Interactive (PD) [C].gbc,blank,running,running
entries/ultima-iii/ult3.gb,running,running,running
entries/unofficial-alternative-stork-party-2006-invitation/jml-stor.gb,running,running,running
entries/unseen/onehourtwo.gb,running,running,running
entries/unstoppable-knight/knight2.gb,running,running,running
entries/urbanzero_bunkerboy/files/BunkerBoy_jam.gb,running,running,running
entries/usurper-ghoul/usurperghoul.1.9.gb,running,running,running
entries/vallian88__muncher/game.gb,running,running,running
entries/vcaldan/VCALDAN.GB,running,running,running
entries/velcroid-maikel-ortegas/velcroid-bitbitjam4version.gb,running,running,running
entries/versatility/VERSATIL.GB,running,running,running
entries/vertical-mess-demo/Vertical Mess Demo (PD) [C].gbc,running,running,running
entries/vip/vip.gb,crashed,crashed,crashed
entries/viper/Viper.gb,running,running,running
entries/vl2m-studio__dssd/DSSD_JAM.gb,running,running,running
entries/waifu-clicker-version-100/waifu.gb,running,running,running
entries/wait-for-me/wfm.gb,running,running,running
entries/wall-defence/walldefence.gbc,running,running,running
entries/wanwan/WanWan (PD).gb,running,running,running
entries/warfare11_josplanet-demo/files/josplanet_demo_jam.gb,running,running,running
entries/wario-walking/Wario_Walking.gb,running,running,running
entries/wariocraft/WarioCraft.gbc,running,running,running
entries/we/jml-we.gb,running,running,running
entries/whackemon/Whackemon.gbc,running,running,running
entries/what-friends-are-for/What_Friends_Are_For_V1.0.gb,running,running,running
entries/where-s-the-chip-hop/Wheres.gbc,running,running,running
entries/wheres-my-cake/cake2016.gbc,running,running,running
entries/willy-wonderworm/pv_worm.gb,running,running,running
entries/wings-demo/Wings Demo (PD) [C].gbc,running,running,running
entries/winter-taiken/taiken.gb,running,running,running
entries/wired/wired.gbc,running,running,running
entries/wobble-sttng/wobble.gb,running,running,running
entries/wobbly-celebration/wobbly-celebration.gb,running,running,running
entries/work-in-progress/game.gb,running,running,running
entries/work-master-os/workmaster.gb,running,running,running
entries/wrecking-balloon/WRECKINGBALLOON.gb,running,running,running
entries/wrong-way-games__sacred-meat/Sacred_Meat_1.3_jam.gb,running,running,running
entries/wyrmhole/Wyrmhole.gb,running,running,running
entries/xmas2016/XMAS2016PUBLICFULL.gb,running,running,running
entries/yamikurae__babau/BABAU_jam.gb,running,running,running
entries/yarn-ball/yarn-ball.gb,running,running,running
entries/yars-revenge-v1-0/YAR.GB,static,static,static
entries/yo-grl-makes-a-demo/yo-grl-makes-a-demo.gb,running,running,running
entries/yochi-miel-the-crenalator-trials/YOCHIMIELWEB.gb,running,running,running
entries/you-are-my-new-friend/You_are_my_New_friend.gb,running,running,running
entries/you-will-die/onehour.gb,running,running,running
entries/yume-no-oto-1/yume-no-oto-1.gb,running,running,running
entries/zanax-gb/Z_TEST5.GB,running,running,running
entries/zenzoa_piropa/files/piropa-2.1.gb,running,running,running
entries/zilogized/Kabcorp - Zilogized.gb,running,running,running
entries/zoomar/ZOOMAR.GB,running,running,running
entries/zypher/Zypher.gb,running,running,running
